{"skeleton":{"hash":"5yxAnGbarf3fPO1X+/an+sQR8Z8","spine":"3.8.9","x":-141.23,"y":-74.46,"width":252,"height":365,"images":"C:/Users/WON/Desktop/gif/Background_Cat02_Night/","audio":""},"bones":[{"name":"root","x":-7.61,"y":52.63}],"slots":[{"name":"Background_Cat02_Night 1","bone":"root","attachment":"Background_Cat02_Night 2"},{"name":"Background_Cat02_Night 3","bone":"root","attachment":"Background_Cat02_Night 18"}],"skins":[{"name":"default","attachments":{"Background_Cat02_Night 1":{"Background_Cat02_Night 1":{"x":-7.61,"y":55.41,"width":252,"height":365},"Background_Cat02_Night 2":{"x":-7.61,"y":55.41,"width":252,"height":365}},"Background_Cat02_Night 3":{"Background_Cat02_Night 3":{"type":"mesh","uvs":[0.56853,0.51384,0.60413,0.59093,0.61778,0.69036,0.57235,0.78457,0.56738,0.78382,0.56742,0.75218,0.54242,0.69406,0.54429,0.62922,0.53247,0.58539,0.54265,0.51561],"triangles":[8,0,1,0,8,9,7,8,1,7,1,2,6,7,2,5,6,2,3,5,2,4,5,3],"vertices":[5.97,46.63,14.94,18.5,18.38,-17.8,6.94,-52.18,5.68,-51.91,5.69,-40.36,-0.6,-19.15,-0.13,4.52,-3.11,20.52,-0.55,45.99],"hull":10,"edges":[0,18,0,2,2,4,4,6,6,8,8,10,10,12,12,14,14,16,16,18],"width":252,"height":365},"Background_Cat02_Night 4":{"type":"mesh","uvs":[0.5636,0.52052,0.61142,0.595,0.61116,0.62186,0.61778,0.63099,0.63706,0.65755,0.64565,0.69351,0.6482,0.70001,0.67699,0.73129,0.69603,0.76432,0.6891,0.7648,0.66294,0.7618,0.59872,0.73409,0.56453,0.68335,0.5624,0.64409,0.54637,0.59941,0.54278,0.57167,0.55097,0.52042],"triangles":[15,16,0,15,0,1,14,15,1,2,14,1,13,14,2,13,2,3,4,12,13,4,13,3,12,4,5,11,12,5,11,5,6,11,6,7,10,11,7,9,10,7,8,9,7],"vertices":[5.53,52.44,16.78,17.01,16.72,7.21,18.38,3.87,23.24,-5.82,25.41,-18.95,26.05,-21.32,33.31,-32.74,38.1,-44.79,36.36,-44.97,29.76,-43.87,13.58,-33.76,4.97,-15.24,4.43,-0.91,0.39,15.4,-0.52,25.53,-4.68,51.53],"hull":17,"edges":[0,32,0,2,2,4,4,6,6,8,8,10,10,12,12,14,14,16,16,18,18,20,20,22,22,24,24,26,26,28,28,30,30,32],"width":252,"height":365},"Background_Cat02_Night 5":{"type":"mesh","uvs":[0.56354,0.52322,0.57146,0.52868,0.58935,0.56604,0.59704,0.57702,0.62009,0.59924,0.64675,0.62993,0.64755,0.64478,0.65985,0.66171,0.7153,0.70761,0.71263,0.72075,0.73043,0.73715,0.7364,0.74528,0.72167,0.74537,0.69364,0.73012,0.69976,0.75923,0.67639,0.7491,0.63536,0.72395,0.61863,0.70091,0.59159,0.68294,0.56934,0.6426,0.54781,0.59746,0.54545,0.57282,0.54087,0.55193,0.54762,0.52861,0.5515,0.52324],"triangles":[23,24,0,1,23,0,22,23,1,22,1,2,21,22,2,3,20,21,3,21,2,4,19,20,4,20,3,19,4,5,19,5,6,18,19,6,18,6,7,17,18,7,17,7,8,8,16,17,8,13,16,9,13,8,10,13,9,12,10,11,12,13,10,15,16,13,14,15,13],"vertices":[5.52,49.45,6.63,44.72,11.22,27.58,13.16,23.57,18.97,15.46,25.69,4.26,25.89,-1.16,28.99,-7.34,42.96,-24.09,42.29,-28.89,46.77,-34.88,48.28,-37.84,44.57,-37.88,37.5,-32.31,39.04,-42.93,33.15,-39.24,22.81,-30.06,18.6,-21.65,11.78,-15.09,6.18,-0.36,0.75,16.11,0.16,25.1,-1,32.73,0.08,45.52,0.72,48.08],"hull":25,"edges":[0,48,0,2,2,4,4,6,6,8,8,10,10,12,12,14,14,16,16,18,18,20,20,22,22,24,24,26,26,28,28,30,30,32,32,34,34,36,36,38,38,40,40,42,42,44,44,46,46,48],"width":252,"height":365},"Background_Cat02_Night 6":{"type":"mesh","uvs":[0.55238,0.50952,0.57151,0.52605,0.58809,0.55652,0.59233,0.55862,0.66337,0.61408,0.72249,0.66625,0.73092,0.67415,0.75378,0.68473,0.7978,0.71515,0.79909,0.71738,0.79632,0.71833,0.78711,0.72149,0.76691,0.71807,0.73698,0.7112,0.70115,0.69769,0.70336,0.70855,0.69468,0.70701,0.65055,0.68486,0.61389,0.65954,0.58768,0.61698,0.58319,0.60915,0.55486,0.58794,0.53605,0.53255,0.52941,0.51421,0.52929,0.51399,0.53565,0.50954],"triangles":[23,24,25,0,23,25,22,0,1,22,23,0,2,21,22,2,22,1,21,2,3,20,21,3,20,3,4,19,20,4,18,19,4,17,18,4,5,17,4,14,17,5,14,5,6,16,17,14,6,13,14,16,14,15,6,7,13,12,13,7,8,12,7,8,11,12,10,8,9,10,11,8],"vertices":[1.9,48.21,6.72,42.18,10.9,31.06,11.97,30.29,29.87,10.05,44.77,-8.99,46.9,-11.88,52.66,-15.74,63.75,-26.84,64.08,-27.66,63.38,-28,61.05,-29.16,55.97,-27.91,48.42,-25.4,39.39,-20.47,39.95,-24.43,37.76,-23.87,26.64,-15.79,17.4,-6.55,10.8,8.99,9.67,11.85,2.53,19.59,-2.21,39.8,-3.88,46.5,-3.92,46.58,-2.31,48.2],"hull":26,"edges":[0,50,0,2,2,4,4,6,6,8,8,10,10,12,12,14,14,16,16,18,18,20,20,22,22,24,24,26,26,28,28,30,30,32,32,34,34,36,36,38,38,40,40,42,42,44,44,46,46,48,48,50],"width":252,"height":365},"Background_Cat02_Night 7":{"type":"mesh","uvs":[0.55148,0.5095,0.56379,0.51516,0.66508,0.6086,0.71624,0.63806,0.70937,0.64929,0.75351,0.67373,0.78604,0.68225,0.84171,0.70694,0.84121,0.71414,0.8099,0.70966,0.77076,0.7126,0.69109,0.6932,0.62717,0.65294,0.58244,0.61522,0.55149,0.57267,0.54532,0.54685,0.5468,0.54249,0.53564,0.5233,0.53559,0.51514,0.53962,0.50955],"triangles":[1,17,18,1,18,0,0,18,19,16,17,1,14,16,1,15,16,14,14,1,2,13,14,2,4,2,3,12,13,2,12,2,4,11,12,4,11,4,5,9,6,7,10,5,6,10,6,9,11,5,10,8,9,7],"vertices":[1.68,48.22,3.45,45.87,25.27,14.71,43.2,1.29,41.47,-2.81,52.59,-11.73,60.78,-14.83,74.82,-23.85,74.69,-26.48,66.8,-24.84,56.94,-25.91,36.86,-18.83,20.75,-4.14,11.47,10.1,8.03,26.66,-0.27,34.47,3.06,37.37,0.14,44.17,-2.33,46.16,-1.31,48.2],"hull":20,"edges":[0,38,0,2,2,4,4,6,6,8,8,10,10,12,12,14,14,16,16,18,18,20,20,22,22,24,24,26,26,28,28,30,30,32,32,34,34,36,36,38],"width":252,"height":365},"Background_Cat02_Night 8":{"type":"mesh","uvs":[0.55195,0.51062,0.56888,0.51704,0.59154,0.54807,0.64806,0.58704,0.6413,0.59859,0.70538,0.63268,0.74199,0.6465,0.78989,0.65595,0.8482,0.66387,0.87367,0.66927,0.84581,0.68223,0.79497,0.68235,0.83914,0.7042,0.80903,0.70414,0.7375,0.68859,0.68789,0.66945,0.69207,0.6853,0.666,0.67729,0.57465,0.60712,0.5399,0.52771,0.54009,0.51396],"triangles":[3,18,2,1,20,0,4,18,3,1,2,20,2,19,20,18,19,2,5,17,4,15,5,6,15,17,5,18,4,17,8,11,7,10,8,9,10,11,8,17,15,16,6,14,15,14,6,7,14,7,11,12,13,11,14,11,13],"vertices":[1.8,47.81,6.06,45.47,11.77,34.14,26.02,19.92,24.31,15.7,40.46,3.26,49.69,-1.79,61.76,-5.24,76.45,-8.13,82.87,-10.1,75.85,-14.83,63.04,-14.87,74.17,-22.85,66.58,-22.83,48.55,-17.15,36.05,-10.16,37.1,-15.95,30.53,-13.03,11.12,17.63,2,42.41,0.97,46.59],"hull":21,"edges":[0,40,0,2,2,4,4,6,6,8,8,10,10,12,12,14,14,16,16,18,18,20,20,22,22,24,24,26,26,28,28,30,30,32,32,34,34,36,36,38,38,40],"width":252,"height":365},"Background_Cat02_Night 9":{"type":"mesh","uvs":[0.56749,0.52324,0.57567,0.5343,0.59246,0.54594,0.60503,0.55416,0.67443,0.58288,0.71405,0.61501,0.73201,0.62513,0.80192,0.6354,0.80115,0.64708,0.84474,0.6584,0.84609,0.66304,0.80171,0.66606,0.80166,0.68193,0.75318,0.66585,0.74114,0.66578,0.72119,0.67077,0.68343,0.6554,0.66154,0.65914,0.59507,0.60265,0.57153,0.57565,0.55352,0.55068,0.54724,0.52465,0.5476,0.52294,0.55264,0.51984],"triangles":[22,0,1,0,22,23,20,1,2,1,21,22,20,21,1,19,20,2,19,2,3,18,19,3,18,3,4,8,6,7,5,17,4,16,5,6,17,18,4,5,16,17,13,14,6,15,16,6,8,13,6,11,8,9,11,9,10,13,8,11,14,15,6,12,13,11],"vertices":[3.79,47.04,6.45,43.37,11.85,36.45,15.02,32.2,32.66,21.44,42.64,9.71,47.17,6.01,64.79,2.26,64.59,-2,75.58,-6.13,75.92,-7.82,64.73,-8.93,64.72,-14.72,52.5,-8.85,49.47,-8.83,44.45,-10.65,34.93,-5.04,29.41,-6.4,12.66,14.22,8.41,25.51,2.67,38.95,-1.31,46.53,-1.22,47.15,0.05,48.28],"hull":24,"edges":[0,46,0,2,2,4,4,6,6,8,8,10,10,12,12,14,14,16,16,18,18,20,20,22,22,24,24,26,26,28,28,30,30,32,32,34,34,36,36,38,38,40,40,42,42,44,44,46],"width":252,"height":365},"Background_Cat02_Night 10":{"type":"mesh","uvs":[0.54127,0.49749,0.55804,0.50521,0.60275,0.55153,0.63718,0.56797,0.67833,0.60057,0.72417,0.61506,0.76543,0.63968,0.82198,0.65081,0.81264,0.65993,0.84402,0.67415,0.77796,0.67397,0.65806,0.64673,0.57256,0.58153,0.54362,0.53155,0.52901,0.52161,0.52626,0.50786],"triangles":[1,14,15,1,15,0,13,14,1,13,1,2,12,13,2,4,12,3,11,4,5,12,2,3,4,11,12,8,6,7,10,6,8,11,5,6,10,11,6,10,8,9],"vertices":[-0.9,52.6,3.33,49.78,14.6,32.88,23.27,26.88,33.64,14.98,45.2,9.69,55.59,0.7,69.84,-3.36,67.49,-6.69,75.4,-11.88,58.75,-11.82,28.54,-1.87,6.99,21.93,-0.3,40.17,-3.98,43.8,-4.68,48.82],"hull":16,"edges":[0,30,0,2,2,4,4,6,6,8,8,10,10,12,12,14,14,16,16,18,18,20,20,22,22,24,24,26,26,28,28,30],"width":252,"height":365},